country,count
United States,3188
India,962
United Kingdom,534
Canada,319
France,303
Germany,182
Spain,171
Japan,119
China,114
Mexico,111
Egypt,102
Hong Kong,100
Nigeria,94
Australia,94
Indonesia,86
Turkey,83
Philippines,80
Belgium,78
Italy,74
Argentina,71
Brazil,66
South Korea,61
South Africa,51
Thailand,46
Netherlands,42
United Arab Emirates,36
Denmark,34
Poland,32
Ireland,32
Sweden,31
New Zealand,25
Lebanon,24
Chile,24
Norway,21
Colombia,20
Pakistan,20
Israel,19
Taiwan,19
Switzerland,18
Singapore,18
Malaysia,18
Czech Republic,16
Romania,14
Uruguay,13
Austria,11
Russia,11
Bulgaria,10
Hungary,10
Qatar,10
Luxembourg,10
Peru,10
Greece,9
Saudi Arabia,9
Iceland,8
Vietnam,7
Serbia,7
Jordan,7
Finland,7
,6
Kenya,6
Cambodia,6
Portugal,6
Morocco,6
Ghana,5
Kuwait,5
Venezuela,4
Bangladesh,4
Iran,4
Algeria,3
Zimbabwe,3
Soviet Union,3
West Germany,3
Croatia,3
Slovenia,3
Nepal,2
Syria,2
Cayman Islands,2
Malta,2
Namibia,2
Guatemala,2
Senegal,2
Iraq,2
Georgia,2
Burkina Faso,1
Ethiopia,1
Mauritius,1
Cameroon,1
Palestine,1
Angola,1
Mozambique,1
Malawi,1
Paraguay,1
Albania,1
Slovakia,1
Ukraine,1
Bermuda,1
Ecuador,1
Armenia,1
Mongolia,1
Bahamas,1
Sri Lanka,1
Latvia,1
Liechtenstein,1
Nicaragua,1
Dominican Republic,1
Samoa,1
Botswana,1
Vatican City,1
Jamaica,1
Kazakhstan,1
Lithuania,1
Afghanistan,1
Somalia,1
Sudan,1
Panama,1
Uganda,1
East Germany,1
Montenegro,1
